iter	RMSE
0	112.293202111	94.1108543722	96.0714208233	140.308306644	52.16862348
