iter	RMSE	RMSE	RMSE	RMSE	RMSE
0	120.2898845	126.6120328	127.3968015	127.6894931	126.9532827
1	106.1916807	112.8497362	112.0885681	112.2695947	111.8534466
2	107.8290496	113.9091789	113.4856499	111.6882268	114.8309745
3	147.5361141	151.9219378	148.3685337	148.3913429	150.6074349
4	81.31359048	82.03339499	78.15018171	74.98725016	73.61774374
